{"navigationBarTitleText":"习惯","navigationStyle":"custom","usingComponents":{"u-navbar":"/uni_modules/uview-ui/components/u-navbar/u-navbar","u-icon":"/uni_modules/uview-ui/components/u-icon/u-icon","u-line":"/uni_modules/uview-ui/components/u-line/u-line","u-sticky":"/uni_modules/uview-ui/components/u-sticky/u-sticky","u-tabs":"/uni_modules/uview-ui/components/u-tabs/u-tabs","u-divider":"/uni_modules/uview-ui/components/u-divider/u-divider","u-swipe-action":"/uni_modules/uview-ui/components/u-swipe-action/u-swipe-action","u-swipe-action-item":"/uni_modules/uview-ui/components/u-swipe-action-item/u-swipe-action-item","u-modal":"/uni_modules/uview-ui/components/u-modal/u-modal","u-loading-page":"/uni_modules/uview-ui/components/u-loading-page/u-loading-page","drag-sort":"/components/cloud/dragSort"}}