{"navigationBarTitleText":"打卡组","enablePullDownRefresh":true,"usingComponents":{"u-sticky":"/uni_modules/uview-ui/components/u-sticky/u-sticky","u-tabs":"/uni_modules/uview-ui/components/u-tabs/u-tabs","u-line-progress":"/uni_modules/uview-ui/components/u-line-progress/u-line-progress","u-icon":"/uni_modules/uview-ui/components/u-icon/u-icon","u-loadmore":"/uni_modules/uview-ui/components/u-loadmore/u-loadmore","u-back-top":"/uni_modules/uview-ui/components/u-back-top/u-back-top","u-action-sheet":"/uni_modules/uview-ui/components/u-action-sheet/u-action-sheet"}}