{"navigationBarTitleText":"今天","navigationStyle":"custom","usingComponents":{"u-navbar":"/uni_modules/uview-ui/components/u-navbar/u-navbar","u-icon":"/uni_modules/uview-ui/components/u-icon/u-icon","u-badge":"/uni_modules/uview-ui/components/u-badge/u-badge","u-line":"/uni_modules/uview-ui/components/u-line/u-line","u-swiper":"/uni_modules/uview-ui/components/u-swiper/u-swiper","u-notice-bar":"/uni_modules/uview-ui/components/u-notice-bar/u-notice-bar","u-sticky":"/uni_modules/uview-ui/components/u-sticky/u-sticky","u-search":"/uni_modules/uview-ui/components/u-search/u-search","u-tabs":"/uni_modules/uview-ui/components/u-tabs/u-tabs","u-empty":"/uni_modules/uview-ui/components/u-empty/u-empty","u-button":"/uni_modules/uview-ui/components/u-button/u-button","u-loading-page":"/uni_modules/uview-ui/components/u-loading-page/u-loading-page","sign-popup":"/components/habit/SignPopup","share-popup":"/components/habit/SharePopup"}}